Modelo,Accuracy Mean,Accuracy Std,F1-Score (Macro),Precision (Macro),Recall (Macro),Tiempo Entren. (s)
K-Nearest Neighbors,0.999092970521542,0.0011108797019425039,0.9990913962388625,0.9990960348103204,0.9990929285449834,0.34972047805786133
Gradient Boosting,0.9986394557823128,0.0011108797019425039,0.9986408783090365,0.9986546546546545,0.9986363075404171,11.13612699508667
Stacking Classifier,0.9986394557823128,0.0011108797019425039,0.9986408783090365,0.9986546546546545,0.9986363075404171,1.5706067085266113
Random Forest,0.9986394557823128,0.0011108797019425039,0.9986408783090365,0.9986546546546545,0.9986363075404171,2.0146172046661377
SVM (RBF),0.9986394557823128,0.0011108797019425039,0.9986394188377326,0.9986455843598702,0.9986424780945328,0.30597782135009766
Bagging (SVM),0.998185941043084,0.0016968967740471329,0.998187431049183,0.9982011802241907,0.9981920276440824,1.6038706302642822
Decision Tree,0.9981859410430838,0.0009070294784580657,0.998185815737933,0.9982011399154256,0.9981827928011882,0.1387801170349121
Logistic Regression,0.998185941043084,0.0016968967740471329,0.9981857415186643,0.9982102505189753,0.998179686535851,7.487077713012695
Naive Bayes,0.9954648526077097,0.0037943765375695166,0.995453197856229,0.9955582586235376,0.9954523855698024,0.09470152854919434
